UserName,Comment,PredictedHomeGoals,PredictedAwayGoals
JAChambel,"Being 15th in 134 is cool and all but then I remembered I have predicted us to loose literally every single game so far so it checks out. That being said:
2-1",15,134
gradi3nt,1-1. New manager bounce,1,1
pishkabob,0-2 with faint moments of optism.,0,2
madshjort,0-0 instant success,0,0
Boring_Inflation1494,2-3. If Selles could win against Chelsea while being an interim coach then Ruskers can do the same with Fool'em.,2,3
GraveRaven,0-0. Optimism abounds.,0,0
lemezier,2-1,2,1
strider_tom,3-1,3,1
BJH19,1-2,1,2
UtterlyRedditculous,2-1,2,1
lakermamba1999,1-1,1,1
RuleBritannia1919,2-1,2,1
infestationE15,1-0,1,0
shontgomery,1-2,1,2
malkusm,3-1,3,1
benscott81,3-2,3,2
whowantstogo,0-3 saints,0,3
CelaenaSardothien007,3-1,3,1
vibranturtle,1-1,1,1
Relevant_Rev,1-2,1,2
Nixstricks,2-0,2,0
Opposite_Sir1549,2-3,2,3
kempston_joystick,"1-3
New manager bounce, followed by losing every remaining game of the season.",1,3
Positive-Sound-4972,2-0,2,0
magneticacorn,1-0,1,0
jeromereyes,1-1,1,1
Saint_Noog,"2-1.  Another week, another loss",2,1
flailingpariah,0-2 Saints out of nowhere. Fulham to fail to show up and make us look good despite really not being.,0,2
MetaRift,2-1,2,1
oldredstang66,1-2,1,2
DrShaftmanPhD,1-1,1,1
LovingCatholicPriest,1-2,1,2
Tough-Whereas1205,"1-4. We get a couple of really soft penalties given and somehow score from corners, despite being played off the pitch by Fulham.",1,4
mcsgwigga,3-1,3,1
Tutush,1-1,1,1
Hefty-Competition297,1 - 2 COYR,1,2
halarhala,1-1,1,1
JimmyRiddle707,0-2,0,2
nape27,3-0,3,0
Antidote-Killer,0-8,0,8
specifylength,2-2,2,2
Kindlydestroyed1,Can’t get past a 2-2 prediction. We look happier. This bodes well.,2,2
teuridge,2-0,2,0
TheFuzzyEucalyptus,3-0,3,0
Zapdosman,2-0,2,0
NagromNitsuj,Close defeat. 2-1. But almost a step in the right direction,2,1
Intermittent-Thinker,2-1,2,1
Bruceplanet,3 -1 not enough firepower,3,1
lewwwwwwwwwwwiscook,1-1,1,1
dan_3,0-1,0,1
thatcrazyhorse,1-2,1,2
HandsomedanNZ,1-3,1,3
NC9-,Fulham 0 - 1 Saints,0,1
LukeBron,4-0.,4,0
who905,1-2,1,2
Hot_Chair_7523,3-1,3,1
hAkonf,4-1,4,1
uuuuuuuhhhhh,1-1,1,1
saintstu,1-1,1,1
ThatMoodyBstard,2-1,2,1
fozz555,0-0,0,0
kyleandrew_7,2-1,2,1
akarmandoug,2-2,2,2
jjbc56,2-1,2,1
