UserName,Comment,Prediction
meteoritee,2-2 continuing my run of guessing a draw so saints win,"(2, 2)"
Hagranm,0-2 saints get a 30th minute goal then score again in the 70's,"(0, 2)"
Kindlydestroyed1,3-2 saints,"(3, 2)"
someonehasmygamertag,My two uni cities going at it - I’ll be in the away end. Can’t wait. 3-0 saints here we go,"(3, 0)"
Zou-KaiLi,1-3,"(1, 3)"
NagromNitsuj,2-2,"(2, 2)"
chebalebs,0-2,"(0, 2)"
sgm94,0-3 adam Armstrong hat trick,"(0, 3)"
CelaenaSardothien007,1-3,"(1, 3)"
malkusm,0-1,"(0, 1)"
jonnyhoots,0-3,"(0, 3)"
KingHarpoon616,1-2 Saints are the comeback kids after going down early,"(1, 2)"
whattodotodo8,1-3 Saints,"(1, 3)"
Challeng4Accepted,1-1,"(1, 1)"
Revolutionary_Cup602,1 - 3,"(1, 3)"
magneticacorn,0-1,"(0, 1)"
Anglo-fornian,1-4,"(1, 4)"
Salt-Cup-2300,1-2 squeaky bum time,"(1, 2)"
BJH19,1-4,"(1, 4)"
PhilipRobertson,2-1,"(2, 1)"
pishkabob,1-3,"(1, 3)"
gradi3nt,0-2,"(0, 2)"
MetaRift,2-1,"(2, 1)"
jrdn1616,1-2 COYR,"(1, 2)"
chibles1,0-3 Saints,"(0, 3)"
thatcrazyhorse,0-3 come on Saints!,"(0, 3)"
kyleandrew_7,1-3,"(1, 3)"
thinlike_napkins,2-0,"(2, 0)"
jjbc56,1-2,"(1, 2)"
GraveRaven,0-2.,"(0, 2)"
flailingpariah,1-1,"(1, 1)"
HandsomedanNZ,"0-3. 

We are massive.","(0, 3)"
Many_Background_3679,1-2,"(1, 2)"
saintstu,0-3.,"(0, 3)"
UtterlyRedditculous,0-1,"(0, 1)"
mcsgwigga,2-1,"(2, 1)"
nape27,1-3,"(1, 3)"
Zapdosman,1-2,"(1, 2)"
soverign_cheese,1-1,"(1, 1)"
redditbanana42,1-2,"(1, 2)"
Bruceplanet,1-3 late surge again as Saints keep winning,"(1, 3)"
teuridge,1-3,"(1, 3)"
Toast_for_President,1-3 Southampton,"(1, 3)"
Antidote-Killer,1-9,"(1, 9)"
LegitimatePass6924,1-2,"(1, 2)"
slugmaniac,1-0,"(1, 0)"
rapsin4lmao,0-1.,"(0, 1)"
dan_3,0-3,"(0, 3)"
who905,1-2,"(1, 2)"
aredditusername69,0-1,"(0, 1)"
gongasf,Swansea 0-2 Saints,"(0, 2)"
screamfish56,1-3,"(1, 3)"
Intermittent-Thinker,0 - 2,"(0, 2)"
Seph_che,1-1,"(1, 1)"
Cervix-Pounder,1 - 2,"(1, 2)"
MrJoshua_182,1 - 2 Saints 90th minute winner.,"(1, 2)"
fartarus,1-3,"(1, 3)"
whowantstogo,1-3 saints,"(1, 3)"
Dramatic-Sleep4923,0-3.,"(0, 3)"
TheFuzzyEucalyptus,2-2,"(2, 2)"
WolfgangAmadeusBen,2-4 - cagey first 60 minutes followed by a Swansea collapse,"(2, 4)"
FitzRoyced,2-0,"(2, 0)"
strider_tom,1-3,"(1, 3)"
uuuuuuuhhhhh,0-3,"(0, 3)"
Lucky_Strike1,1-3,"(1, 3)"
BlameTibor,1-2,"(1, 2)"
spankeycakes,1-3,"(1, 3)"
forfootbal1,1-2,"(1, 2)"
JimmyRiddle707,0-2,"(0, 2)"
infestationE15,1-1,"(1, 1)"
hAkonf,1-5,"(1, 5)"
ThatMoodyBstard,0-2,"(0, 2)"
Hefty-Competition297,1-3 COYR,"(1, 3)"
496e636f676e69746f,0-3,"(0, 3)"
