UserName,Points,PointsGained,Streak,Exacts,Corrects,Wrongs,MaxStreak
Nixstricks,19,0,0,4,7,6,7
specifylength,17,1,16,2,11,3,16
halarhala,17,1,4,2,11,3,8
slugmaniac,17,0,8,3,8,3,8
flailingpariah,17,0,0,2,11,4,6
Saint_Noog,16,0,0,2,10,4,11
LegitimatePass6924,15,0,2,2,9,4,6
gradi3nt,14,1,4,0,14,3,4
teuridge,14,0,0,1,11,5,4
malkusm,13,0,0,2,7,8,8
Zapdosman,13,0,0,1,10,5,5
Intermittent-Thinker,13,0,0,1,10,5,7
jjbc56,13,0,0,1,10,5,8
HandsomedanNZ,13,0,0,1,10,5,8
uuuuuuuhhhhh,12,1,4,0,12,5,4
benscott81,12,0,0,2,6,7,5
Nas1729,12,0,7,1,9,2,7
JAChambel,12,0,0,1,9,3,7
GraveRaven,11,3,11,1,8,0,11
MetaRift,11,0,0,1,8,7,6
TheFuzzyEucalyptus,11,0,0,0,11,4,3
UtterlyRedditculous,11,0,0,0,11,4,4
pishkabob,11,0,0,0,11,4,8
HelpfulSloth14,10,0,1,1,7,1,9
NagromNitsuj,10,0,0,1,7,7,5
lemezier,10,0,0,1,7,8,3
magneticacorn,10,0,0,1,7,6,7
fartarus,10,0,4,0,10,5,4
ThatMoodyBstard,10,0,0,0,10,6,4
strider_tom,10,0,0,0,10,6,4
lakermamba1999,9,1,5,1,6,1,5
shontgomery,9,0,0,2,3,10,3
Potato271,9,0,6,1,6,5,6
Cervix-Pounder,9,0,1,1,6,3,4
Hot_Chair_7523,9,0,0,1,6,9,3
Emergency-Room-5484,9,0,1,0,9,2,4
Boring_Inflation1494,9,0,0,0,9,3,5
mcsgwigga,9,0,0,0,9,8,3
saintstu,8,1,1,0,8,9,2
chebalebs,8,0,2,1,5,4,3
FalafelHalloumi,8,0,0,1,5,7,3
Zou-KaiLi,8,0,1,0,8,3,4
nape27,8,0,0,0,8,7,3
infestationE15,8,0,0,0,8,8,2
JimmyRiddle707,8,0,0,0,8,8,3
who905,8,0,0,0,8,7,3
fcf4,7,0,1,1,4,2,5
Jpwf,7,0,0,1,4,6,3
kyleandrew_7,7,0,0,1,4,7,3
Opposite_Sir1549,7,0,0,1,4,1,7
meteoritee,7,0,7,0,7,0,7
Tough-Whereas1205,7,0,0,0,7,8,2
hAkonf,7,0,0,0,7,4,3
jeromereyes,6,1,5,0,6,1,5
Lucky_Strike1,6,0,5,1,3,5,5
craig_hoxton,6,0,1,1,3,1,5
redditbanana42,6,0,0,1,3,7,3
Holy_Shit_Balls_69,6,0,5,0,6,5,5
MrJoshua_182,6,0,3,0,6,4,3
BFT_022,6,0,2,0,6,1,4
tugboet,6,0,2,0,6,6,2
thinlike_napkins,6,0,1,0,6,2,3
dan_3,6,0,0,0,6,10,3
CelaenaSardothien007,6,0,0,0,6,6,2
oldredstang66,6,0,0,0,6,7,3
RuleBritannia1919,6,0,0,0,6,2,4
Tutush,5,1,1,0,5,2,3
KanetsuguNaoe,5,0,5,1,2,1,5
pctomfor,5,0,5,1,2,3,5
BlameTibor,5,0,3,0,5,2,3
spankeycakes,5,0,3,0,5,8,3
saint-86,5,0,2,0,5,2,2
FitzRoyced,5,0,0,0,5,4,2
3ch03d,5,0,0,0,5,3,5
Bruceplanet,5,0,0,0,5,9,1
thatcrazyhorse,5,0,0,0,5,5,2
madshjort,4,3,3,1,1,6,3
Kindlydestroyed1,4,1,3,0,4,2,3
JoshHQ,4,0,4,1,1,0,4
Geralt0908,4,0,3,1,1,2,3
PM_ME_YOUR_MARS_BARS,4,0,0,1,1,3,4
rapsin4lmao,4,0,0,1,1,1,4
brandonouthouse,4,0,0,1,1,5,3
gubbyno,4,0,3,0,4,4,3
aredditusername69,4,0,2,0,4,4,2
Klutzy-Put-1786,4,0,1,0,4,3,1
hahs95,4,0,1,0,4,3,2
Kindlydestroyed,4,0,0,0,4,2,2
zoinks10,4,0,0,0,4,10,2
Positive-Sound-4972,4,0,0,0,4,8,1
Relevant_Rev,4,0,0,0,4,8,2
LukeBron,4,0,0,0,4,2,3
fozz555,3,3,3,1,0,0,3
StreetSuspicious8456,3,0,3,1,0,0,3
HOWDY__YALL,3,0,3,1,0,0,3
TheTyrantis,3,0,3,1,0,0,3
Deadpooldan,3,0,3,1,0,0,3
SomeGuyCalledPercy,3,0,0,1,0,1,3
uKrayZ,3,0,0,1,0,1,3
Suspicious-Living683,3,0,3,0,3,0,3
Revolutionary_Cup602,3,0,2,0,3,1,2
delegod1,3,0,2,0,3,3,2
mdubyo,3,0,2,0,3,2,2
Many_Background_3679,3,0,2,0,3,2,2
GordonRamsayGhost,3,0,2,0,3,1,2
LordOrtus,3,0,2,0,3,3,2
Bayne7096,3,0,2,0,3,3,2
TrumpsCheetoJizz,3,0,2,0,3,1,2
MangerDanger1,3,0,1,0,3,4,1
Weary_Initiative5582,3,0,1,0,3,4,2
496e636f676e69746f,3,0,1,0,3,8,1
exhaleair,3,0,1,0,3,4,2
jackodriscol,3,0,0,0,3,2,3
NorwegianSaint,3,0,0,0,3,4,2
DeadSpaceLover,3,0,0,0,3,6,1
Zstupple,2,0,2,0,2,0,2
Anglo-fornian,2,0,2,0,2,2,2
Likunandi,2,0,2,0,2,0,2
Lost_Disk,2,0,2,0,2,3,2
buddyomg,2,0,2,0,2,0,2
igsey,2,0,2,0,2,0,2
Squm9,2,0,2,0,2,1,2
Scared_Leading2875,2,0,2,0,2,0,2
K-E-N-07,2,0,2,0,2,0,2
PhilipRobertson,2,0,1,0,2,2,1
GuteLord-,2,0,1,0,2,2,1
gedly89,2,0,1,0,2,4,1
BanjoPants74,2,0,1,0,2,1,1
Beardedmetalhead,2,0,1,0,2,1,1
rghsfc,2,0,1,0,2,4,1
wostmardin,2,0,1,0,2,4,1
jayforplay,2,0,0,0,2,2,1
accidentalsalmon,2,0,0,0,2,2,2
bendezhashein,2,0,0,0,2,1,2
Desperate_Low9482,2,0,0,0,2,5,1
Tspecs05,2,0,0,0,2,7,2
Weirdo_boy02,2,0,0,0,2,4,1
BJH19,2,0,0,0,2,8,1
Zakedawn,2,0,0,0,2,3,2
kempston_joystick,2,0,0,0,2,4,2
LovingCatholicPriest,2,0,0,0,2,2,2
DrShaftmanPhD,1,1,1,0,1,3,1
vibranturtle,1,1,1,0,1,0,1
lewwwwwwwwwwwiscook,1,1,1,0,1,0,1
akarmandoug,1,1,1,0,1,0,1
FluidSaint,1,0,1,0,1,0,1
T_Hr0,1,0,1,0,1,0,1
Finoptics,1,0,1,0,1,0,1
mr_grission,1,0,1,0,1,0,1
KingHarpoon616,1,0,1,0,1,0,1
chesterchugger,1,0,1,0,1,0,1
3rd__i,1,0,1,0,1,3,1
baristaboy24,1,0,1,0,1,1,1
bathtub_not_beach,1,0,1,0,1,1,1
Fast-Engineer915,1,0,1,0,1,1,1
Wafflz__,1,0,1,0,1,0,1
galaxygalaxy777,1,0,1,0,1,0,1
Captain_Obvious_x,1,0,1,0,1,1,1
Fatty4forks,1,0,1,0,1,0,1
rabbitradar,1,0,1,0,1,2,1
TouristDramatic8295,1,0,1,0,1,1,1
kevmccartney,1,0,1,0,1,1,1
SoggyMattress2,1,0,1,0,1,0,1
boondocksaint08,1,0,1,0,1,0,1
OpScreechingHalt,1,0,1,0,1,0,1
Educational_Ad288,1,0,1,0,1,0,1
No_Amphibian6382,1,0,1,0,1,0,1
ThermoWizz,1,0,1,0,1,0,1
GuyInWessex,1,0,1,0,1,0,1
Patentlyy,1,0,1,0,1,1,1
JoeGordon07,1,0,1,0,1,1,1
fanea1,1,0,1,0,1,0,1
ShadowedEclipse,1,0,1,0,1,0,1
InfernoTurnip,1,0,1,0,1,0,1
matt_rev,1,0,1,0,1,3,1
generic-username0123,1,0,1,0,1,0,1
Spirited_Ad_2697,1,0,1,0,1,0,1
Expensive_Elk_466,1,0,1,0,1,0,1
CatDadFurrever,1,0,1,0,1,0,1
LocationThin4587,1,0,1,0,1,0,1
Temujins_here,1,0,1,0,1,0,1
NickB76,1,0,1,0,1,0,1
Alina2017,1,0,1,0,1,1,1
istarisaints,1,0,1,0,1,2,1
Extreme-Sport-5772,1,0,1,0,1,0,1
jakeyboy723,1,0,1,0,1,0,1
Salt-Cup-2300,1,0,0,0,1,3,1
Blackgotham-12,1,0,0,0,1,2,1
Toast_for_President,1,0,0,0,1,1,1
asdaf22,1,0,0,0,1,1,1
Adziboy,1,0,0,0,1,2,1
Henghast,1,0,0,0,1,1,1
fluffyplayery,1,0,0,0,1,1,1
Ahegaopizza,1,0,0,0,1,2,1
thisisclassicus,1,0,0,0,1,2,1
J_Dymond,1,0,0,0,1,4,1
allbarneynorubble,1,0,0,0,1,3,1
Financial-Glass5693,1,0,0,0,1,2,1
parabola9999,1,0,0,0,1,1,1
Antidote-Killer,1,0,0,0,1,10,1
whowantstogo,1,0,0,0,1,14,1
Hefty-Competition297,1,0,0,0,1,16,1
master_shifwho,1,0,0,0,1,5,1
whattodotodo8,1,0,0,0,1,9,1
BevvyTime,1,0,0,0,1,1,1
NC9-,1,0,0,0,1,1,1
alki07,0,0,0,0,0,1,0
MAFIAxMaverick,0,0,0,0,0,4,0
gooffking,0,0,0,0,0,2,0
roberthart327,0,0,0,0,0,1,0
darave123,0,0,0,0,0,4,0
Unlucky_Island_742,0,0,0,0,0,2,0
Vsovs,0,0,0,0,0,1,0
WaltertheWobot,0,0,0,0,0,2,0
happysnappygoat,0,0,0,0,0,1,0
frooberts,0,0,0,0,0,1,0
K3GGY,0,0,0,0,0,1,0
Dr-Honks,0,0,0,0,0,2,0
EntersMikers,0,0,0,0,0,1,0
MrRyan1320,0,0,0,0,0,2,0
sgm94,0,0,0,0,0,3,0
guillotine-jones,0,0,0,0,0,2,0
Super-saints12,0,0,0,0,0,1,0
GrandmasterYoda1,0,0,0,0,0,6,0
TheEggMan45,0,0,0,0,0,1,0
gongasf,0,0,0,0,0,2,0
jrdn1616,0,0,0,0,0,2,0
BlueInq,0,0,0,0,0,2,0
bundy554,0,0,0,0,0,1,0
Whenthebeatdropolis,0,0,0,0,0,1,0
street--donut,0,0,0,0,0,1,0
Glittering-Cow-4702,0,0,0,0,0,1,0
Potential-Oil-1795,0,0,0,0,0,1,0
soverign_cheese,0,0,0,0,0,1,0
BigTettenator,0,0,0,0,0,2,0
West_Equivalent7997,0,0,0,0,0,1,0
MonarchyBoner,0,0,0,0,0,1,0
Cormac419,0,0,0,0,0,1,0
King_Lamb,0,0,0,0,0,1,0
PunnyIsNotFunny,0,0,0,0,0,1,0
weatherghost,0,0,0,0,0,1,0
Nervous_Jaguar_2826,0,0,0,0,0,2,0
throwaway1throwawa,0,0,0,0,0,5,0
jonnyhoots,0,0,0,0,0,2,0
JoeBiggzDC,0,0,0,0,0,1,0
LiveFree-603,0,0,0,0,0,1,0
TheHatThatTalks,0,0,0,0,0,1,0
Top_Dirt2557,0,0,0,0,0,1,0
Notional-,0,0,0,0,0,1,0
BrandonPol,0,0,0,0,0,1,0
Singh255,0,0,0,0,0,1,0
King_PieNan,0,0,0,0,0,1,0
Ok_Mix_3544,0,0,0,0,0,2,0
Mr_Yellow_Trousers,0,0,0,0,0,4,0
Magmar18,0,0,0,0,0,1,0
neil2252,0,0,0,0,0,1,0
No_Wrap_9979,0,0,0,0,0,1,0
FromTheEdgeOfTheDeep,0,0,0,0,0,2,0
Jamez_XIX,0,0,0,0,0,1,0
Evening-Tart3067,0,0,0,0,0,1,0
mbridge2610,0,0,0,0,0,2,0
senorbellend17,0,0,0,0,0,1,0
No_Pound5513,0,0,0,0,0,1,0
HorusHeresay,0,0,0,0,0,1,0
GreedoVision,0,0,0,0,0,1,0
TheSpitfires,0,0,0,0,0,1,0
fl0ralp,0,0,0,0,0,2,0
Adventurous_Bass_673,0,0,0,0,0,1,0
YourWeekendDad,0,0,0,0,0,1,0
rigill,0,0,0,0,0,1,0
nmc1995,0,0,0,0,0,1,0
Same-Temporary8468,0,0,0,0,0,1,0
dinzil02,0,0,0,0,0,1,0
Crazymorsejr,0,0,0,0,0,1,0
MerryRain,0,0,0,0,0,2,0
Special_Tune9184,0,0,0,0,0,1,0
slashmpw,0,0,0,0,0,1,0
Harris_vs,0,0,0,0,0,1,0
benjwilliam,0,0,0,0,0,1,0
Stix-Zadupya,0,0,0,0,0,1,0
RevengeofSudz,0,0,0,0,0,2,0
cameronastonmartin,0,0,0,0,0,1,0
Grumblepiglet,0,0,0,0,0,1,0
rndltr,0,0,0,0,0,1,0
FleetCasual,0,0,0,0,0,1,0
mooseday,0,0,0,0,0,1,0
Federal_Ad_5898,0,0,0,0,0,2,0
Local-Record7707,0,0,0,0,0,1,0
SpecificAlgae5594,0,0,0,0,0,1,0
tommypopz,0,0,0,0,0,1,0
OakieDoker,0,0,0,0,0,1,0
abseykebabsy,0,0,0,0,0,1,0
TehEv0,0,0,0,0,0,1,0
vitinaly,0,0,0,0,0,1,0
DylanAB07,0,0,0,0,0,1,0
Cleatmr,0,0,0,0,0,1,0
Lumpy-Indication,0,0,0,0,0,1,0
-Xero,0,0,0,0,0,1,0
